{"_wandb":{"runtime":2163},"_runtime":2163.1032092,"_step":19,"Training Loss":0.6736843155412113,"Training Accuracy":0.7419607843137255,"_timestamp":1.7279152525801601e+09,"Validation Loss":0.7113984240425958,"Validation Accuracy":0.7261111111111112}